Menu_ID,Menu_name,Menu_ingredient,Ingredient_split,Menu_process,Menu_TYPEID
M001,ข้าวไข่เจียวกุ้ง,"ไข่ไก่, กุ้งสด, พริกไทย, น้ำปลา, น้ำมันพืช","ไข่ไก่ 3 ฟอง
กุ้งสด 500 กรัม
พริกไทย 1/2 ช้อนชา
น้ำปลา 1/2 ช้อนชา
น้ำมันพืช","-แกะเปลือกกุ้ง เลาะเอาเส้นดำออก ล้างน้ำให้สะอาด จากนั้น นำกุ้งไปลวกในน้ำร้อนให้พอสุก ประมาณ 50% พักให้สะเด็ดน้ำ แล้วนำมาหั่นเป็นชิ้นเล็ก ๆ
-ตอกไข่ไก่ ใส่ถ้วยผสม 3 ฟองก่อน ปรุงรสด้วย น้ำปลา พริกไทย แล้วตีไข่ไก่ให้เข้ากัน ไม่ต้องฟูมาก จนขึ้นฟอง
-ตั้งกระทะ ใส่น้ำมันพืชลงไป กะแค่พอท่วมสำหรับทอดไข่เจียว ใช้ไฟกลาง วอร์มน้ำมันพืชให้ร้อนจัด ระหว่างนี้ ให้ผสมไข่ที่ตีไว้ กับ เนื้อกุ้ง ยี ๆ ให้เข้ากัน
-พอเช็กว่าน้ำมันพืชร้อนกำลังดีแล้ว ให้เทไข่ผสมกุ้งลงไป เสร็จแล้ว ใช้ตะหลิวสองอันค่อย ๆ ตะล่อมไข่เจียวทั้ง 2 ข้าง ให้ม้วนและเกาะ--ตัวเข้าหากันเป็นทรงกระบอก เสร็จแล้ว พลิกไข่กลับมา ทอดให้ไข่เจียวสุกทั่วทุกด้าน จนมีผิวเรียบเนียน
-พอผิวด้านนอกเรียบเนียนดีแล้ว ให้เร่งไฟเป็นไฟแรง เพื่อให้ผิวด้านนอกเหลืองทองสวยงาม และไข่เจียวด้านในสุกดี เสร็จแล้ว ตักขึ้น พักให้สะเด็ดน้ำมันพืช
-ตักเสิร์ฟใส่จาน โรยหน้าด้วยผักชี เป็นอันเสร็จ",MT001
M002,ข้าวไข่เจียวทอร์นาโด,"ไข่ไก่, ข้าวสวย, น้ำมันพืช","ไข่ไก่ 2 ฟอง (ปริมาณปรับได้ตามขนาดของกระทะ)
ข้าวสวย 1 ถ้วย
น้ำมันพืชสำหรับทอด 2 – 3 ช้อนโต๊ะ","ตอกไข่ไก่ ใส่ชามผสม ตีไข่ไก่ให้เข้ากัน จนกว่าจะได้ไข่ไก่ เนื้อเนียนละเอียด เสร็จแล้ว ให้ตักข้าวใส่ถ้วย โปะใส่จานเตรียมไว้ให้เรียบร้อย
ตั้งกระทะ ใส่น้ำมันพืชลงไป เคลือบน้ำมันพืชให้ทั่วกระทะ รอจนกระทะและน้ำมันพืชร้อนได้ที่แล้ว เทไข่ไก่ลงไป
พอเทไข่ไก่เสร็จ ให้ใช้ตะเกียบสองอัน ปักไปที่ข้างซ้ายและขวาของกระทะ แล้วกรีดไข่เจียวเข้ามาตรงกลาง โดยเว้นระยะห่างจากกัน เหมือนกับเวลาคีบตะเกียบ พอเริ่มเห็นไข่เป็นริ้ว ๆ แล้ว ให้ใช้มือหนึ่งจับตะเกียบ อีกมือหนึ่งจับกระทะ ค่อย ๆ หมุนไปในทิศทางเดียวกัน ให้ไข่สุก และเป็นริ้ว ๆ คล้ายทอร์นาโด
พอไข่สุกทั่วกันดีแล้ว ให้ยกขึ้นมาโปะข้าวสวย ให้สวยงาม เป็นอันเสร็จ",MT001
M003,แกงเขียวหวาน,"กะทิ, พริกแกงเขียวหวาน, เนื้อสะโพกไก่, มะเขือเปราะ, มะเขือพวง, ใบมะกรูด, พริกชี้ฟ้า, ใบโหระพา, น้ำปลา, น้ำตาลปี๊บ","กะทิ 800 มิลลิลิตร
พริกแกงเขียวหวาน 70 กรัม
เนื้อสะโพกไก่ 300 กรัม
มะเขือเปราะ 100 กรัม
มะเขือพวง 50 กรัม
ใบมะกรูด 3 ใบ
พริกชี้ฟ้าแดงและเขียว 2 เม็ด
ใบโหระพา 15 กรัม
น้ำปลา 1 ช้อนโต๊ะ
น้ำตาลปี๊บ 1 ช้อนโต๊ะ","-ตั้งกระทะ ใส่กะทิประมาณ 200 มิลลิลิตรลงไป ตามด้วยพริกแกงเขียวหวาน ผัดให้พริกแกงหอมและกะทิแตกมัน
-ระหว่างรอกะทิแตกมัน หั่นเนื้อสะโพกไก่ให้เป็นชิ้นขนาดพอดีคำเตรียมไว้ 
-เมื่อกะทิแตกมันดี ใส่เนื้อไก่ลงผัดให้สุก ปรุงรสด้วยน้ำปลาและน้ำตาลปี๊บ
-ชิมรสตามชอบ แล้วเทกะทิที่เหลือลงไป ต้มให้เดือด 
-ใส่ใบมะกรูด มะเขือพวง และมะเขือเปราะลงในหม้อ ต้มอีกครั้งให้มะเขือสุก
-ใส่พริกชี้ฟ้าแดงเขียวและใบโหระพาลงไป เท่านี้ก็พร้อมจัดเสิร์ฟแล้ว",MT001
M004,ต้มยำกุ้ง,"กุ้งสด, เห็ดฟาง, ข่า, ตะไคร้, หอมแดง, รากผักชี, เกลือ, พริกขี้หนูสวน, น้ำปลา, น้ำพริกเผา, พริกแห้ง, ใบมะกรูด, นมข้นจืด, มะนาว, ผักชีฝรั่ง, ผักชี, น้ำ","กุ้งสด 12 ตัว
เห็ดฟาง 200 กรัม
ข่า 5 แว่น
ตะไคร้ 3 ต้น
หอมแดง 20 กรัม
รากผักชี 4 ราก
เกลือ 1 ช้อนชา
พริกขี้หนูสวน 2 ช้อนโต๊ะ
น้ำปลา 80 กรัม
น้ำพริกเผา 2 ช้อนโต๊ะ
พริกแห้ง 5 เม็ด
ใบมะกรูด 6 ใบ
นมข้นจืด 100 กรัม
มะนาว 3-4 ลูก
ผักชีฝรั่ง 2 ต้น
ผักชี 2 ต้น
น้ำเปล่า 2 ลิตร","-ใช้มีดหั่นข่าเป็นแว่น ๆ
-ฉีกใบมะกรูดออกจากก้านใบ เตรียมไว้
-ใส่ตะไคร้ หอมแดง พริกขี้หนูสวน ลงไปในครก ทีละอย่าง ตำให้พอแหลก
-ตั้งหม้อ ใส่น้ำเปล่าลงไปให้ท่วม
-ใส่ข่า ตะไคร้ ใบมะกรูด หอมแดง รากผักชี พริกขี้หนูสวน
-ปรุงรสด้วย เกลือ เล็กน้อย
-ปิดฝา ต้มน้ำให้เดือด
-ใส่เห็ดฟางลงไป ต้มให้สุก
-ใส่น้ำพริกเผา คนให้ละลายเข้ากัน แล้วรอน้ำเดือดอีก 1  รอบ
-เตรียมกุ้ง โดยแกะเปลือกกุ้งเฉพาะลำตัวออก ให้เหลือมันกุ้งส่วนหัวเอาไว้
-ใส่ลงไปในหม้อ ต้มให้สุก
-ใส่ น้ำปลา
-ใส่ นมข้นจืด แล้ว คนให้ละลายเข้ากัน
-ใส่พริกแห้งคั่ว
-ใส่ใบมะกรูดฉีก แล้วต้มให้น้ำเดือดอีกรอบ เสร็จแล้ว ปิดเตา
-บีบน้ำมะนาว เพื่อเพิ่มรสเปรี้ยว
-ใส่ผักชีฝรั่ง ผักชี ตามชอบ
-ตักต้มยำกุ้งใส่ชาม
-จัดเสิร์ฟ เป็นอันเสร็จ",MT001
M005,พะแนงไก่,"เนื้อไก่, พริกแกง, กะทิ, มะเขือพวง, พริกชี้ฟ้า, ใบมะกรูด, น้ำตาลปี๊บ, น้ำปลา ","เนื้อไก่ 400 กรัม (ส่วนอก, สะโพก หรือน่องก็ได้)
พริกแกง 150 กรัม
กะทิ 500 มล.
มะเขือพวง 100 กรัม
พริกชี้ฟ้าซอย 3 เม็ด
ใบมะกรูดฉีก 5 ใบ
ใบมะกรูดซอย 4 ใบ
น้ำตาลปี๊บ 1 ช้อนโต๊ะครึ่ง
น้ำปลา 1 ช้อนโต๊ะ","-นำกะทิประมาณ 200 มล.ลงไปผัดให้แตกมัน ตามด้วยพริกแกง ผัดให้เข้ากันดี
-เมื่อพริกแกงและกะทิเข้ากันดีแล้ว ใส่ไก่ลงไปผัดให้สุก แล้วเติมกะทิส่วนที่เหลือลงไป ให้แกงเดือดดี
-ใส่มะเขือพวง และมะกรูดฉีกลงไป เมื่อมะเขือพวงสุกดีแล้ว ปรุงรสด้วยน้ำปลา และน้ำตาลปี๊บ ชิมดูรสชาติให้ได้ตามชอบ รสชาติจะ--ออกเผ็ดหวาน เค็มเล็กน้อย
-เมื่อผัดเข้ากันดีแล้ว ตักใส่ชามเสิร์ฟ แล้วตกแต่งหน้าด้วยใบมะกรูดซอย และพริกชี้ฟ้าซอย",MT001
M006,แกงมัสมั่นไก่,"เนื้อไก่, พริกแกง, กะทิ, มะเขือพวง, พริกชี้ฟ้า, ใบมะกรูด, น้ำตาลปี๊บ, น้ำปลา ","ถั่วลิสงคั่ว 80 กรัม
ไก่ 2 น่อง
มันฝรั่ง 1 หัว
หอมหัวใหญ่ 1-2 หัว
หัวกะทิ 1 ถ้วย
พริกแกงมัสมั่น 100 กรัม
หางกะทิ 4 ถ้วย
อบเชย 3-4 แท่ง (ไม่มีไม่ต้องใส่ได้)
โป๊ยกั๊ก 4-5 ดอก (ไม่มีไม่ต้องใส่ได้)
น้ำปลา 3 ช้อนโต๊ะ
น้ำมะขามเปียก 3 ช้อนโต๊ะ
น้ำตาลปี๊บ 2 ช้อนโต๊ะ","-ตั้งกระทะใช้ไฟอ่อนเพื่อคั่วถั่วลิสงให้สุก
-นำถั่วที่คั่วแล้วมายี ๆ ให้เปลือกหลุดออกให้หมด
-เตรียมหั่นมันฝรั่ง หอมใหญ่ และน่องไก่ เป็นชิ้นไม่ต้องเล็กมาก
-ตั้งกระทะใช้ไฟปานกลาง ใส่หัวกะทิและพริกแกงมัสมั่นลงไป ผัดให้กะทิแตกมัน
-ใส่น่องไก่ลงไป ตามด้วยมันฝรั่งและหอมหัวใหญ่
-ผัดให้เข้ากันสักครู่หนึ่งแล้วจึงใส่หางกะทิ ตั้งไว้ให้เดือด
-หลังเดือดแล้วให้เบาไฟ ใส่โป๊ยกั๊ก อบเชย และถั่วคั่ว ลงไปตุ๋นประมาณ 30 นาที หรือจนกว่าไก่เปื่อยนุ่ม
-เมื่อไก่นุ่มแล้วปรุงรสด้วยน้ำปลา น้ำมะขามเปียก และน้ำตาลปี๊บ คนให้เข้ากันและชิมรสชาติ ถ้ารสชาติพอใจแล้วให้ปิดไฟพร้อมเสิร์ฟ",MT001
M007,แกงจืดเต้าหู้หมูสับ,"หมูสับ, เต้าหู้ไข่, ซุปก้อน, กระเทียม, แคร์รอต, ผักกาดขาว, ขึ้นฉ่าย, พริกไทยขาว, ซีอิ๊วขาว, น้ำปลา","-ต้มน้ำให้เดือด ระหว่างรอน้ำเดือด นำแคร์รอต มะเขือเทศ หัวหอมใหญ่ มาล้างให้สะอาด แล้วหั่นเป็นชิ้นขนาดแล้วแต่ชอบ
-ล้างขึ้นฉ่ายหั่นประมาณ 1 นิ้ว
-เอาปีกไก่บนมาล้างให้สะอาดสัก 2-3 น้ำ
-น้ำเดือดใส่เกลือเล็กน้อย ใส่ซุปก้อน และใส่น่องไก่ที่เราเตรียมไว้ ไฟอ่อนถึงไฟกลาง และคอยช้อนฟองหรือมันทิ้ง ต้มประมาณ 25-30 นาที
เคล็ดลับ: อย่าเปิดไฟแรง เด่วน้ำจะขุ่น
-หลังจากไก่เริ่มจะสุกนุ่มได้ที่ ให้ใส่ผักที่เราเตรียมไว้ลงไป ต้มต่อไปอีก 15 นาที
เคล็ดลับ: ขั้นตอนนี้ขึ้นอยู่กับความชอบ เราชอบทานผักนุ่มๆเลยต้มนานหน่อย
-ชิมและปรุงรสที่ชอบ และใส่ขึ้นฉ่ายเป็นขั้นตอนสุดท้าย ปิดแก๊ซได้เลย",#NAME?,MT001
M008,ไข่เจียวหมูสับ,"ไข่ไก่, หมูสับ, ซอสหอยนางรม, ซีอิ๊วขาว, น้ำตาลทรายขาว, พริกไทย, ผักชี, น้ำมันพืช","ไข่ไก่ 3-4ฟอง
หมูสับ ½ ถ้วยตวง
ซอสหอยนางรม 2 ช้อนโต๊ะ
ซีอิ๊วขาว 1ช้อนโต๊ะ
น้ำตาลทรายขาวทราย 1 ช้อนชา
พริกไทยเล็กน้อย
ผักชีสำหรับตกแต่ง
น้ำมันพืชสำหรับทอด 2-4 ช้อนโต๊ะ",#NAME?,MT001
M009,หมูแดดเดียว,"เนื้อหมู, กระเทียม, รากผักชี, พริกไทย, งาขาว, น้ำตาลทรายขาว, นมข้นจืด, ซอสหอยนางรม, ผงปรุงรส","เนื้อหมูสดๆ (ประมาณ 1 กก.)
กระเทียม 1 หัว
รากผักชี 5-6 ราก
พริกไทย
งาขาว 3 ช้อนโต๊ะ
น้ำตาลทรายขาวทราย
นมข้นจืด
ซอสหอยนางรม
ผงปรุงรส","-ล้างเนื้อหมูให้สะอาด นำเนื้อหมูมาแล่เป็นชิ้นบาง หนาประมาณ 1 เซนติเมตร
-โขลกกระเทียม รากผักชี พริกไทยให้ละเอียด นำไปหมักกับเนื้อหมู
-เติมน้ำตาลทรายขาว นมข้นจืด ซอสหอยนางรม งาขาว และผงปรุงรส
-คลุกเคล้าให้ส่วนผสมทั้งหมดเข้ากัน ทิ้งไว้ประมาณ 1 ชั่วโมง
-นำเนื้อหมูไปตากแดดประมาณ 3-4 ชั่วโมง พลิกกลับเนื้อหมูเป็นระยะ
-เริ่มการทอดโดยใส่น้ำมันพืชแล้วตั้งไฟให้ร้อน จึงนำหมูที่ผึ่งแดดไปทอดจนสุกทั่ว",MT001
M010,ยำคอหมูย่าง,"คอหมูย่าง, เเตงกวา, ขึ้นฉ่าย, มะเขือเทศ, หอมใหญ่, พริก, กระเทียม, รากผักชี, น้ำตาลปี๊บ, น้ำปลา, น้ำมะนาว","คอหมูย่าง
เเตงกวา ขึ้นฉ่าย มะเขือเทศ หอมใหญ่
พริก
กระเทียม 4 กลีบ
รากผักชี 1 ราก
น้ำตาลปี๊บ 1 ช้อนโต๊ะ
น้ำปลา 2 ช้อนโต๊ะ
น้ำมะนาว 3 ช้อนโต๊ะ","-สูตรคอหมูย่าง ( https://www.wongnai.com/recipes/ugc/bc58cc8ccc6b4f67b4bacca96b5efcfd?ref=android )
-น้ำยำตำพริกกระเทียมรากผักชี ปรุงรสด้วยน้ำตาลทรายขาวปิ๊บ 1 ช้อนโต๊ะ น้ำปลา 2 ช้อนโต๊ะ น้ำมะนาว 3 ช้อนโต๊ะ ปรุงรสตามชอบ
-หั่นผักเตรียมไว้ เคล็ดลับ: เเตงกวาเอาไส้ออกเเละเเช่น้ำเเข็งก่อนเอาไปใส่ในยำ จะทำให้กรอบอร่อย
-เอาหมูคลุกน้ำยำจนเข้ากัน ใส่ผักลงไป
-คลุกเคล้าให้เข้ากัน",MT001
M011,ข้าวขาหมู,"ขาหมู, เห็ดหอม, อบเชย, โป๊ยกั๊ก, พริกหอม, พริกหอม, พริกไทยเม็ด, กระเทียม, รากผักชี, น้ำตาลปี๊บ, ซีอิ๊วขาว, ซอสหอยนางรม, น้ำ","ขาหมู(ขาหลัง) 1 ขา
เห็ดหอมสด 100 กรัม
อบเชย 30 กรัม
โป๊ยกั๊ก 1 ช้อนโต๊ะ
พริกหอม (พริกหอม) 1 ช้อนโต๊ะ
พริกไทยเม็ด 1 ช้อนโต๊ะ
กระเทียม 20 กรัม
รากผักชี 10 กรัม
น้ำตาลปี๊บ 6 ช้อนโต๊ะ
ซีอิ๊วขาว 18 ช้อนโต๊ะ
ซอสหอยนางรม 3 ช้อนโต๊ะ
น้ำ 2,500 ml","-ล้างทำความสะอาดขาหมูให้เรียบร้อย ซับให้แห้ง แบ่งส่วนเนื้อและสวนหนัง
-นำขาหมูลงไปทอดด้วยไฟกลาง ทอดด้านละ 5 นาที ดูให้หนังแห้งตึง
-เตรียมเครื่องทำขาหมู นำกระเทียมไทยโขลกให้พอแตก ตามด้วยพริกไทยเม็ด ทุบให้พอแตก จากนั้นนมาใส่กระปุกตัวกรองต้ม ตามด้วยพริกหอมและอบเชย 
-ตั้งหม้อ นำน้ำตาลทรายขาวปีปไปเคี่ยวคล้ายคาราเมล จากนั้นเติมน้ำเปล่าลงไปและรีบคนให้น้ำตาลทรายขาวไม่ติดกัน
-จากนั้นเติมซอสหอยนางรม ซีอิ๊วขาว จากนั้นใส่รากผักชี อบเชย พอน้ำเดือด ใส่ขาหมูลงไป และตามด้วยกระปุกเครื่องเทศ เห็ดหอม 
-เติมน้ำลงไปให้ท่วมขาหมู เปิดไฟแรงให้น้ำเดือด สักพักแล้วลดไฟให้ลงมาเป็นไฟอ่อน-กลาง ต้มไว้ประมาณ 3-4 ชั่วโมง 
-จากนั้นพักไว้ข้างนอกอย่างน้อย 12 ชั่วโมงหรือ 1 คืน จากนั้นอุ่นอีกครั้งเป็นเวลา 30-60 นาที",MT001
M012,น้ำตกหมู,"สันคอหมู, คอหมูย่าง, น้ำสต๊อก, พริกป่น, ข้าวคั่ว, มะนาว, น้ำปลา, หอมแดง, ต้นหอม, ผักชี, ใบสะระแหน่","เนื้อสันคอหมู หรือคอหมูย่าง ตามชอบ หั่นเป็นชิ้น ๆ 100 กรัม
น้ำสต๊อก 1/4 ถ้วย
พริกป่น ตามชอบ
ข้าวคั่ว 1/2 ช้อนโต๊ะ
น้ำมะนาว 1 ช้อนโต๊ะ
น้ำปลา 1 ช้อนโต๊ะ
หอมแดงซอย  1 ช้อนโต๊ะ
ต้นหอมและผักชีซอย (หรือผักชีฝรั่งซอยตามชอบ)
ใบสะระแหน่
ผักสด เช่น แตงกวา",#NAME?,MT001
M013,ลาบหมู,"หมูสับ, น้ำ, ต้นหอม, ใบสะระแหน่, ผักชีฝรั่ง, หอมแดง, พริกป่น, น้ำปลา, น้ำมะนาว, ข้าวคั่ว, น้ำตาลทรายขาว, พริกแห้ง","หมูสับ 300 กรัม
น้ำเปล่า ½ ถ้วย
ต้นหอมซอย 2 ต้น
ใบสะระแหน่ 2 ต้น
ผักชีฝรั่งซอย 2 ต้น
หอมแดงซอย 3 กลีบ
พริกป่น 2 ช้อนโต๊ะ
น้ำปลา 2 ช้อนโต๊ะ
น้ำมะนาว 2 ช้อนโต๊ะ
ข้าวคั่ว 2 ช้อนโต๊ะ
น้ำตาลทรายขาว ½ ช้อนชา
พริกแห้งทอดสำหรับตกแต่ง ",#NAME?,MT001
M014,ผัดกะเพราหมู,"เนื้อหมู, ใบกะเพรา, กระเทียม, พริกจินดา, พริกแห้งแดงจินดา, น้ำปลา, ซอสปรุงรสฝาเขียว, ซอสหอยนางรม, ซีอิ้วดำหวาน, น้ำตาลทรายขาว
","เนื้อหมู 400 กรัม
ใบกะเพรา 50 กรัม
กระเทียม 2 หัว
พริกจินดา 12 เม็ด
พริกแห้งแดงจินดา 6 เม็ด
น้ำปลา 1 ช้อนโต๊ะ
ซอสปรุงรสฝาเขียว 1 1/2 ช้อนโต๊ะ
ซอสหอยนางรม 3 ช้อนโต๊ะ
ซีอิ้วดำหวาน 1/2 ช้อนโต๊ะ (ไม่ชอบกลิ่นตัดออกได้)
น้ำตาลทรายขาวทราย 1/2 ช้อนโต๊ะ",#NAME?,MT001
M015,ปลากะพงนึ่งมะนาว,"ปลากระพง, น้ำมะนาว, น้ำปลา, น้ำตาลปี๊บ, กระเทียม, พริกขี้หนูสวน, รากผักชี, ผักชี, ผักชีฝรั่ง, ขึ้นฉ่าย, กะหล่ำปลี","ปลากระพง 1 ตัว (700-800 กรัม)
น้ำมะนาว 6 1/2 ช้อนโต๊ะ
น้ำปลา 6 1/2 ช้อนโต๊ะ
น้ำตาลปี๊บ 2/3 ช้อนโต๊ะ
กระเทียม 1 1/2 หัว
พริกขี้หนูสวน 20 เม็ด
รากผักชี 4 ราก
ผักชี 4 ต้น
ผักชีฝรั่ง 2 ต้น
ขึ้นฉ่าย 2 ต้น
กะหล่ำปลี 1/4 หัว","-ซอยกะหล่ำปลีให้เป็นเส้นๆ ไว้รองด้านล่างปลากะพง และนำกะหล่ำปลีอีกส่วนมารองไว้ด้านบนจาน นำปลามาวางด้านบน จากนั้นตั้งน้ำร้อนในซึ้งให้ร้อนเตรียมไว้
-เตรียมน้ำราดโดยการ ซอยผักชี ผักชีฝรั่ง ขึ้นฉ่าย นำไปพักไว้ 
-นำรากผักชีใส่ลงไปในโถปั่น ตามด้วยกระเทียม พริกขี้หนูสวน น้ำมะนาว น้ำปลา น้ำตาลปี๊บ ปั่นพอหยาบ ชิมให้ได้รสตามชอบ
-นำน้ำมาราดบนตัวปลากะพงพอประมาณ เพื่อให้น้ำราดซึมเข้าไปในเนื้อปลาระหว่างนึ่ง 
-นำปลาลงไปนึ่งในซึ้ง จับเวลาประมาณ 10 นาที
-ระหว่างรอนึ่งปลา ให้เตรียมหม้อไฟสำหรับวางปลา นำผักกะหล่ำวางด้านล่างให้ทั่ว ตามด้วยผักชีฝรั่ง ขึ้นฉ่าย พอประมาณ นำปลาที่นึ่งสุกในซึ้งมาวางด้านบน จุดหม้อไฟไว้รอ 
-นำน้ำที่นึ่งปลาราดลงไปบนตัวปลา ตามด้วยน้ำราดที่เหลือทั้งหมด และผักที่ซอยไว้ โรยด้านบนให้สวยงาม พร้อมเสิร์ฟ",MT001
M016,ส้มตำไทย,"มะละกอดิบ, มะเขือเทศ, แคร์รอต, ถั่วฝักยาว, พริกขี้หนู, กระเทียม, กุ้งแห้ง, ถั่วลิสงคั่ว, น้ำมะนาว, น้ำปลา, น้ำตาลปี๊บ","มะละกอดิบ 1 ลูก
มะเขือเทศสีดา 5 ลูก
แคร์รอต (ขูดเป็นเส้นยาว)
ถั่วฝักยาว 2 ลูก
พริกขี้หนูแดง 5 เม็ด
กระเทียมกลีบเล็ก 5 กลีบ
กุ้งแห้ง 1 ช้อนโต๊ะ
ถ้่วลิสงคั่ว 1 ช้อนโต๊ะ
น้ำมะนาว 1 ช้อนโต๊ะ
น้ำปลา 1/2 ช้อนโต๊ะ
น้ำตาลปี๊บ 1/2 ช้อนโต๊ะ",#NAME?,MT001
M017,ผัดผักบุ้งน้ำมันพืชหอย,"ผักบุ้ง, กระเทียม, พริกจินดา, ซอสหอยนางรม, น้ำตาลทรายขาว, ซีอิ๊วขาว, น้ำมันพืชสำหรับผัด, ซีอิ๊วดำ","ผักบุ้งจีน500 กรัม
กระเทียมบุบ4 กลีบ
พริกจินดาแดงหั่นแฉลบ 4 เม็ด
ซอสหอยนางรม 3 ช้อนโต๊ะ
น้ำตาลทรายขาวทราย1/2 ช้อนโต๊ะ
ซีอิ๊วขาว1 ช้อนโต๊ะ
น้ำมันพืชสำหรับผัด3 ช้อนโต๊ะ
ซีอิ๊วดำ1 ช้อนชา
","-ผสมซอสหอยนางรม ซีอิ๊วขาว ซีอิ๊วดำให้เข้ากัน
-นำผักบุ้งหั่นเป็นท่อนพอดีคำใส่กะละมัง ราดด้วยน้ำปรุงรสที่เตรียมไว้และน้ำตาลทรายขาว ตามด้วยพริกจินดาแดงและกระเทียม
-ตั้งกระทะใส่น้ำมันพืช ให้ร้อนจัดจนควันขึ้น จากนั้นเทผักบุ้งที่เตรียมไว้ใส่ลงไป ผัดไฟแรงจนผักบุ้งเปลี่ยนเป็นสีเขียวเข้มหรือผัดประมาณ 2 นาทีค่อยปิดไฟ จัดเสิร์ฟลงจาน",MT001
M018,น้ำพริกกะปิ,"พริกขี้หนู, พริก, กระเทียม, กะปิ, น้ำมะนาว, น้ำปลา, น้ำตาลทรายขาว","พริกขี้หนู 3 เม็ด
พริก 2 เม็ด
กระเทียม 3 กลีบ
กะปิ 1 ช้อนโต๊ะ
น้ำมะนาว 3 ช้อนโต๊ะ
น้ำปลา 1 ช้อนโต๊ะ
น้ำตาลทรายขาวทราย 2 ช้อนโต๊ะ",#NAME?,MT001
M019,ผัดซีอิ๊วหมู,"เส้นใหญ่, เนื้อหมู, ไข่ไก่, คะน้า, ซีอิ๊วขาว, ซอสหอยนางรม, พริกไทย, น้ำตาลทรายขาว, เกลือ, ซีอิ๊วดำ","เส้นใหญ่ 120 กรัม
หมูหมัก 100 กรัม
ไข่ไก่ 1 ฟอง
คะน้า 60 กรัม
ซีอิ๊วขาว 1 ช้อนชา
ซอสหอยนางรม 2 ช้อนโต๊ะ
พริกไทย ½ ช้อนชา
น้ำตาลทรายขาว 1 ช้อนชา
เกลือ ½ ช้อนชา
ซีอิ๊วดำ ½ ช้อนชา",#NAME?,MT001
M020,ผัดไทยกุ้งสด,"กุ้งสด, เต้าหู้แข็ง, ไข่ไก่, ใบกุยช่าย, หอมแดง, กุ้งแห้ง, ไชโป๊วเค็ม, เส้นจันท์, ถั่วลิสงคั่ว, ถั่วงอก, มะนาว, พริกป่น, น้ำมันพืชสำหรับผัด, ผงชูรส, น้ำตาลปี๊บ, น้ำมะขามเปียก, น้ำ","กุ้งสด 5 ตัว
เต้าหู้แข็ง 1/4 ก้อน
ไข่ไก่ 1 ฟอง
ใบกุยช่าย 1 หยิบมือ
หอมแดงซอย 4 หัว
กุ้งแห้ง หรือกุ้งฝอย 1 ช้อนชา
ไชโป๊วเค็ม 1 ช้อนโต๊ะ
เส้นจันท์ 100 กรัม
ถั่วลิสงคั่ว 1 ช้อนโต๊ะ
ถั่วงอก 1 หยิบมือ
มะนาว 1 ลูก
พริกป่น 1 ช้อนชา
น้ำมันพืชสำหรับผัด 2 ช้อนโต๊ะ
ผงชูรส 1/4 ช้อนชา
น้ำตาลปี๊บ 25 กรัม
น้ำมะขามเปียก 30 กรัม
น้ำเปล่า 20 กรัม
น้ำปลา 20 กรัม","-เคี่ยวน้ำตาลปี๊บ น้ำมะขามเปียก น้ำปลา น้ำเปล่า และผงชูรส จนละลาย เป็นซอสเข้มข้น ประมาณ 5 นาที ปิดเตา พักเตรียมไว้
-นำเส้นจันท์ ไปแช่น้ำ ทิ้งไว้ประมาณ 15 นาที เตรียมไว้
-ตั้งกระทะให้ร้อน ใส่น้ำมันพืชเล็กน้อย พอน้ำมันพืชร้อน ใส่กุ้งสดลงไปย่าง จนกุ้งเริ่มสุก ตักขึ้นใส่จาน เตรียมไว้
คำแนะนำ: การย่างกุ้ง ให้บี้หัวกุ้งด้วย จะช่วยให้มันของกุ้งออกมา จะความกลมกล่อมอร่อยยิ่งขึ้น
-ใช้กระทะใบเดิมที่ย่างกุ้ง ผัดเต้าหู้ หอมแดง ให้เข้ากัน และใส่เส้นจันท์เข้ากันเบา ๆ แล้วใช้ตะหลิวเขี่ยเส้นไปไว้ข้างกระทะ จากนั้น ตอกไข่ไก่ลงไป ผัดให้เข้ากัน
-จากนั้น ใส่น้ำซอสผัดไทยผัดให้เข้ากันจนเส้นเหนียวนุ่มดี และใส่กุ้งแห้ง หรือกุ้งฝอย ไชโป๊วเค็ม กุ้งย่าง และใส่ถั่วงอก ใบกุยช่าย ผัดให้เข้ากัน ปิดเตา
-ตักผัดไทยใส่จาน วางกุ้งตกแต่งไว้ด้านบน เสิร์ฟพร้อมผัดสด ถั่วลิสงคั่วบด พริกป่น และมะนาว พร้อมทาน",MT001
M021,จับฉ่าย,"กระดูกหมู, ผักโขม, กะหล่ำปลี, ขึ้นฉ่าย, หัวไชเท้า, เห็ดหอม, รากผักชี, พริกไทย, กระเทียม, ซอสปรุงรส, ซีอิ๊วขาว, เกลือ, ซอสหอยนางรม, น้ำตาลปี๊บ, น้ำมันพืช","กระดูกหมู 1.5 กก.
ผักโขม 500 กรัม
กะหล่ำปลี ½ หัวเล็ก
ขึ้นฉ่าย 300 กรัม
หัวไชเท้า 1 หัวใหญ่
เห็ดหอม 150 กรัม
รากผักชี 10 ราก
พริกไทย 40 เม็ด
กระเทียมไทย 2 หัว
ซอสปรุงรส 4 ช้อนโต๊ะ
ซีอิ๊วขาว 6-8 ช้อนโต๊ะ
เกลือป่น 1 ช้อนโต๊ะ
ซอสหอยนางรม 3 ช้อนโต๊ะ
น้ำตาลปี๊บ 1 ½ ช้อนโต๊ะ
น้ำมันพืช 1 ช้อนโต๊ะ","-ตั้งหม้อใส่น้ำเปล่า กระดูกหมู หัวไชเท้า และเกลือลงไป ต้มจนเดือด
-โขลกรากผักชีกระเทียมพริกไทยเข้าด้วยกัน แล้วนำไปผัดในกระทะกับน้ำมันพืชให้หอม
-ใส่เห็ดหอมและน้ำสต๊อกตามลงไปเล็กน้อย แล้วใส่ผักโขม ผักกะหล่ำปลี ขึ้นฉ่ายลงไปผัด
-ปรุงรสด้วยซีอิ๊วขาว น้ำตาลปี๊บ และซอสหอยนางรม ผัดจนผักสลด แล้วตักใส่หม้อน้ำสต๊อก ต้มต่ออีก 20-30 นาที
-พอต้มจับฉ่ายได้ที่แล้ว ตักใส่จานจัดเสิร์ฟ",MT001
M022,ต้มซุป,"ปีกไก่บน, แคร์รอต, หอมใหญ่, ขึ้นฉ่าย, ซีอิ๊วขาว, เกลือ, ซุปก้อน, น้ำตาลทรายขาว, มะเขือเทศ","ปีกไก่บน 1/2 โล
แคร์รอต 1-2 หัว
หัวหอมใหญ่ 1-2 หัว
ขึ้นฉ่าย 1 กำเล็ก
ซีอิ๊วขาว 2 ช้อน
เกลือ 1/2 ช้อนเล็ก
ซุปก้อน 1 ก้อน
น้ำตาลทรายขาว 1/2 ช้อน
มะเขือเทศ 2-3 ลูก","-ต้มน้ำให้เดือด ระหว่างรอน้ำเดือด นำแคร์รอต มะเขือเทศ หัวหอมใหญ่ มาล้างให้สะอาด แล้วหั่นเป็นชิ้นขนาดแล้วแต่ชอบ
-ล้างขึ้นฉ่ายหั่นประมาณ 1 นิ้ว
-เอาปีกไก่บนมาล้างให้สะอาดสัก 2-3 น้ำ
-น้ำเดือดใส่เกลือเล็กน้อย ใส่ซุปก้อน และใส่น่องไก่ที่เราเตรียมไว้ ไฟอ่อนถึงไฟกลาง และคอยช้อนฟองหรือมันทิ้ง ต้มประมาณ 25-30 นาที
เคล็ดลับ: อย่าเปิดไฟแรง เด่วน้ำจะขุ่น
-หลังจากไก่เริ่มจะสุกนุ่มได้ที่ ให้ใส่ผักที่เราเตรียมไว้ลงไป ต้มต่อไปอีก 15 นาที
เคล็ดลับ: ขั้นตอนนี้ขึ้นอยู่กับความชอบ เราชอบทานผักนุ่มๆเลยต้มนานหน่อย
-ชิมและปรุงรสที่ชอบ และใส่ขึ้นฉ่ายเป็นขั้นตอนสุดท้าย ปิดแก๊ซได้เลย",MT001
M023,ข้าวซอย,"น่องไก่, น้ำพริกข้าวซอย, กะทิ, เส้นข้าวซอย, น้ำมันพืช, น้ำปลา, เกลือ, น้ำตาลมะพร้าว, พริกผัด, น้ำ, หอมแขก, ผักกาดดอง, ต้นหอม, ผักชี","น่องไก่ 3 น่องใหญ่
น้ำพริกข้าวซอย 100 กรัม
กะทิ 500 กรัม
เส้นข้าวซอยหรือเส้นหมี่ไข่อิสลาม 100 กรัม
น้ำมันพืช 3 ถ้วยตวง
น้ำปลา 3 ช้อนโต๊ะ
เกลือ 2 ช้อนชา
น้ำตาลมะพร้าว 1.5 ช้อนโต๊ะ
พริกผัด 1 ช้อนโต๊ะ
น้ำ 1.5 ลิตร
หอมแขกซอย
ผักกาดดองซอย
ต้นหอมผักชี","-ตั้งหม้อหรือกระทะใบใหญ่ให้ร้อน ใส่กะทิลงไปเคี่ยวสักพัก ตามด้วยเครื่องแกง จากนั้นเคี่ยวจนกะทิให้แตกมัน
-ใส่น่องไก่ลงไปผัดให้เข้ากับกะทิ แล้วเติมกะทิลงไปจนหมด เคี่ยวต่อให้ไก่เปื่อย สัก 30-40 นาที
-ลวกเส้นข้าวซอยให้นุ่มก่อนนำไปทอดค่ะ โดยเราจะนำไปลวกในน้ำเดือด โดยใช้เวลาประมาณ 8 นาที
-โดยแบ่งเส้นข้าวซอยที่ลวกแล้วสัก 2 หยิบมือ ผึ่งให้แห้งแล้วนำลงทอดในน้ำมันพืชปาล์มเดือด ๆ สักพักให้กรอบ แล้วตักขึ้นพักไว้ค่ะ
-ตักเส้นข้าวซอยลวกลงในชาม แล้วตักน้ำข้าวซอย พร้อมน่องไก่ราดลงไป
-ตกแต่งด้วยข้าวซอยทอดและต้นหอมผักชีซอย ทานพร้อมพริกผัด หอมแดงซอย และผักกาดดอง",MT001
M024,ข้าวผัดไข่,"กระเทียม, น้ำมันพืช, ไข่ไก่, ข้าวสวย, ซอสปรุงรส, ซีอิ๊วขาว, น้ำตาลทรายขาว, ต้นหอม, พริกไทย, ต้นหอม, มะนาว","กระเทียมสับ
น้ำมันพืช
ไข่ 2 ฟอง
ข้าวสวยหุงสุก
ซอสปรุงรส
ซีอิ๊วขาว
น้ำตาลทรายขาวทราย
ต้นหอมซอย
พริกไทย
ต้นหอม
มะนาว",#NAME?,MT001
M025,ไก่ย่างหนังกรอบ,"เนื้อสะโพกไก่, ซีอิ๊วขาว, ซอสหอยนางรม, พริกไทยขาว, ลูกผักชี, ผงปรุงรส, น้ำมันมะกอก","เนื้อสะโพกไก่ 4 ชิ้นใหญ่
ซีอิ๊วขาว 2-3 ช้อนโต๊ะ
ซอสหอยนางรม 2-3 ช้อนโต๊ะ
พริกไทยขาว 2-3 ช้อนชา
ลูกผักชี 2-3 ช้อนชา
ผงปรุงรส 2 ช้อนชา
น้ำมันมะกอก 1 ถ้วย","-นำส่วนผสมที่เตรียมไว้มาคลุกเคล้ากับเนื้อสะโพกไก่ (ยกเว้น น้ำมันมะกอก)
-นวดให้เข้ากัน
-หมักไว้ประมาณ 45 นาที หรือ 1 ชั่วโมง
-เมื่อครบเวลาหมักแล้วนำน้ำมันมะกอกมาทาบนผิวสะโพกไก่ให้ทั่ว
-จากนั้นนำไปย่างโดยใช้ไฟกลาง (ในสูตรใช้หม้อทอดไร้น้ำมันพืชที่อุณหภูมิประมาณ 165 องศาเซลเซียส) เป็นเวลา 15 นาที
-ค่อย ๆ ย่างไปจ้า ใช้เวลาหน่อยแต่ไม่ต้องรีบ หนังจะกรอบหรือไม่กรอบวัดกันตรงนี้เลย 15 นาทีแรก หนังไก่เริ่มฟูพองมาแล้ว แต่เนื้อในยังไม่สุกนะจ๊ะ
-ให้นำน้ำมันมะกอกทาบนผิวหนังสะโพกไก่อีกครั้ง จากนั้นนำไปย่างต่ออีกประมาณ 10 นาที จนสุกทั่วเป็นอันเสร็จ",MT001
M026,ยำวุ้นเส้น,"วุ้นเส้น, หมูสับ, น้ำปลา, มะนาว, พริกจินดา, พริกขี้หนู, กระเทียมดอง, ต้นหอม, ขึ้นฉ่าย, มะเขือเทศ, หอมใหญ่","วุ้นเส้น (แช่น้ำและตัดเป็นท่อนสั้น ๆ)
หมูสับ 1 ถ้วย
น้ำกระเทียมดอง (ปรุงรส)
น้ำปลา (ปรุงรส)
มะนาว (ปรุงรส)
พริกจินดาซอย (ตามชอบ)
พริกขี้หนูซอย (ตามชอบ)
กระเทียมดองซอย
ต้นหอม (หั่นท่อน)
ขึ้นฉ่าย (หั่นท่อน)
มะเขือเทศ (หั่นแว่น)
หอมหัวใหญ่ซอย",#NAME?,MT001
M027,แกงจืดไข่น้ำ,"ไข่ไก่, ต้นหอม, กะหล่ำปลี, หมูสับ, ซอสปรุงรส, พริกไทยป่น, แคร์รอต, น้ำสต๊อก, น้ำมันพืช","ไข่ไก่3 ฟอง
ต้นหอม
กะหล่ำปลี
หมูสับปรุงรส
ซอสปรุงรส
พริกไทยป่น
แคร์รอต
น้ำสต๊อก
น้ำมันพืช ","-ตอกไข่ไก่ 3 ฟอง ลงชาม ตามด้วยซอสปรุงรส พริกไทยป่น ตีให้เข้ากัน
-หั่นกะหล่ำปลี ต้นหอม แคร์รอต หรือผักที่มีในตู้เย็น เป็นชิ้นเตรียมตัม
-เอาไข่ที่ตีทำเป็นไข่เจียว เสร็จแล้วหั่นเป็นชิ้นสี่เหลี่ยมเตรียมไว้
-ใส่น้ำสต๊อกลงหม้อ ใส่กะหล่ำกับแคร์รอตลงไป ต้มจนน้ำเดือด นำหมูสับปรุงรสปั้นเป็นก้อนใส่ลงไป พอหมูเริ่มสุก ใส่ไข่เจียวที่หั่นไว้ลงไป ต้มต่อจนผักนิ่มตามชอบ
-จัดเสิร์ฟใส่ชามโรยต้นหอมหรือผักชีตามชอบ",MT001
M028,ปลาหมึกผัดผงกะหรี่,"ปลาหมึกกล้วย, กระเทียม, หอมใหญ่, ต้นหอม, ขึ้นฉ่าย, พริกชี้ฟ้า, น้ำพริกเผา, ซอสหอยนางรม, ซีอิ๊วขาว, น้ำตาลทรายขาว, พริกไทยป่น, ผงกะหรี่, นมข้นจืด, ไข่ไก่","ปลาหมึกกล้วย หรือปลาหมึกอื่น ๆ ตามชอบ 2-3 ตัว
กระเทียมสับ
หอมใหญ่ 1 หัว
ต้นหอม (หั่นเป็นท่อน) 2-3 ต้น
ขึ้นฉ่าย (หั่นเป็นท่อน) 1 ถ้วย
พริกชี้ฟ้าแดง (หั่นเฉียง)
น้ำพริกเผา 1 ช้อนโต๊ะ
ซอสหอยนางรม 2 ช้อนโต๊ะ
ซีอิ๊วขาว 2 ช้อนโต๊ะ
น้ำตาลทรายขาวทราย 1/2 ช้อนโต๊ะ
พริกไทยป่น 1 ช้อนชา
ผงกะหรี่ 2 ช้อนโต๊ะ
นมข้นจืด 150 มิลลิลิตร
ไข่ไก่ 2-3 ฟอง",#NAME?,MT001
M029,แตงโมปลาแห้ง,"แตงโม, ปลาช่อนแดดเดียว, หอมเจียว, น้ำตาลทรายขาว, เกลือ, น้ำมันพืช","แตงโม 1/2 ลูก
ปลาช่อนแดดเดียว 200 กรัม
หอมเจียว 100 กรัม
น้ำตาลทรายขาวทราย 90 กรัม
กลือป่น 1 ช้อนชา
น้ำมันพืช เล็กน้อย",#NAME?,MT001
M030,หมูกรอบคั่วพริกเกลือ,"หมูกรอบ, พริกขี้หนู, กระเทียม, เกลือ, น้ำตาลทรายขาว, ต้นหอม, น้ำมันพืช","หมูกรอบ 200 กรัม (หั่นชิ้นพอดีคำ)
พริกขี้หนู 5-10 เม็ด (ตามระดับความเผ็ดที่ชอบ)
กระเทียมสับ 5-6 กลีบ
เกลือ ½ ช้อนชา
น้ำตาลทรายขาวทราย ½ ช้อนชา (ช่วยตัดรส)
ต้นหอมซอย 1 ต้น (เพิ่มความหอม)
น้ำมันพืช 1 ช้อนโต๊ะ","-ตั้งกระทะไฟกลาง ใส่น้ำมันพืชลงไป
-ใส่กระเทียมและพริกขี้หนูลงไป ผัดจนหอม (ระวังไหม้)
-ใส่หมูกรอบลงไป คั่วให้ได้กลิ่นหอมกระทะ
-ปรุงรสด้วยเกลือและน้ำตาลทรายขาว ผัดให้เข้ากัน
-ใส่ต้นหอมซอย ผัดต่ออีก 10 วินาที แล้วปิดไฟ
-ตักใส่จาน พร้อมเสิร์ฟ!",MT001
M031,กะหล่ำปลีผัดน้ำปลา,"กะหล่ำปลี, กระเทียม, น้ำปลา, น้ำตาลทรายขาว, น้ำมันพืช, น้ำ","กะหล่ำปลีครึ่งลูก
กระเทียม 7-8 กลีบ
น้ำปลา 1 ช้อนโต๊ะ
น้ำตาลทรายขาว 1 ช้อนชา
น้ำมันพืช
น้ำเปล่า 2 ช้อนโต๊ะ","-ตั้งกระทะไฟแรง ใส่น้ำมันพืช พอร้อนแล้วใส่กระเทียมลงไป ผัดจนหอม
-ใส่กะหล่ำปลีลงไป ผัดเร็ว ๆ เพื่อให้โดนไฟแรง แต่ยังคงความกรอบ
-ปรุงรสด้วยน้ำปลา และน้ำตาลทรายขาว ผัดให้เข้ากัน (ถ้าต้องการให้นุ่มขึ้น ให้เติมน้ำเปล่าเล็กน้อย)
-ผัดจนกะหล่ำปลีสลดลงเล็กน้อย (ประมาณ 1-2 นาที) อย่าผัดนานเกินไป เดี๋ยวจะเหนียว
-ปิดไฟ ตักใส่จาน พร้อมเสิร์ฟ!",MT001
M032,ข้าวไข่ดาว,"ข้าวสวย, ไข่ไก่, น้ำมันพืช, น้ำปลา, พริกขี้หนู, มะนาว","ข้าวสวย 1 จาน
ไข่ไก่ 1 ฟอง
น้ำมันพืช 2 ช้อนโต๊ะ
พริกขี้หนู (ตามชอบ)
น้ำปลา (ตามชอบ)",#NAME?,MT001
M033,น้ำแข็งไสน้ำแดง,"น้ำแข็ง, น้ำแดง, น้ำเชื่อม, นมข้นหวาน","น้ำแข็งสี่เหลี่ยมก้อนใหญ่
น้ำแดง
น้ำเชื่อม
นมข้น
เครื่องที่จะใส่ เช่น ขนมปัง เฉาก๊วย ทับทิมกรอบ ข้าวเหนียว วุ้นมะพร้าว ฯลฯ
ท๊อปปิ้ง เช่น โอโจ้ น้ำตาลทรายขาวเกล็ดสีๆ ช็อกโกแลต เยลลี่ ฯลฯ",#NAME?,MT002
M034,กล้วยบวชชี,"หัวกะทิ, กล้วยน้ำว้า, น้ำตาลปี๊บ, เกลือ, ใบเตย","หัวกะทิ 1,000 มิลลิลิตร
กล้วยน้ำว้า 1 หวี
น้ำตาลปี๊บ 120 กรัม
เกลือ 1/2 ช้อนชา
ใบเตย 5 ใบ ","-ปอกกล้วย หั่นชิ้นตามชอบ แล้วนำไปล้างในน้ำเปล่าผสมเกลือเพื่อไม่ให้กล้วยดำ
-นำกล้วยไปต้มให้น้ำเดือด 1 รอบเพื่อล้างยางกล้วย 
-ใส่ หัวกะทิแท้ครึ่งหนึ่งลงในหม้อ น้ำขึ้นตั้งไฟปานกลางค่อนอ่อนพอร้อน จากนั้นใส่มัดใบเตย กล้วยน้ำว้าที่ต้มไว้ น้ำตาลปี๊บ และเกลือ ตั้งให้เดือด คอยคนเรื่อย ๆ จนน้ำตาลทรายขาวละลายหมด แล้วเติมกะทิส่วนที่เหลือ
-ต้มต่อเล็กน้อยเพื่อให้กะทิเข้าเนื้อกล้วย ระวังอย่าให้นานจนเนื้อกล้วยเละ จากนั้นตักใส่ถ้วยเสิร์ฟให้สวยงาม",MT002
M035,ข้าวเหนียวมะม่วง,"ข้าวเหนียวเขี้ยวงู, กะทิ, น้ำตาลทรายขาว, เกลือ, แป้งข้าวเจ้า, ใบเตย, มะม่วง, ถั่วทอง","ข้าวเหนียวเขี้ยวงู 500 กรัม
กะทิ 400 มิลลิลิตร
น้ำตาลทรายขาว 150 กรัม
เกลือ 1 ช้อนชา 
แป้งข้าวเจ้า
ใบเตย 2-3 ใบ (เพิ่มความหอม)
มะม่วง 2 ลูก
ถั่วทอง","-ล้างข้าวเหนียวให้สะอาดแล้วแช่น้ำทิ้งไว้ข้ามคืน
-เติมน้ำลงในซึ้งนึ่ง นำขึ้นตั้งไฟค่อนข้างแรง รอจนน้ำเดือด จากนั้นสะเด็ดน้ำข้าวเหนียวขึ้นมาห่อผ้าขาวบาง 
-วางใบเตยลงไปประมาณ 2 ใบ แล้วนำไปนึ่ง นึ่งประมาณ 30 นาทีจนข้าวเหนียวสุก
-นำกะทิมาแบ่งไว้ 3/4 ถ้วย สำหรับกะทิส่วนที่เหลือให้นำไปใส่หม้อเล็กๆ เติมน้ำตาลทรายขาวและเกลือ 1 ช้อนชาลงไป จากนั้นนำไปตั้งบนไฟอ่อน
-ใส่ใบเตยที่เหลือลงในหม้อกะทิ ใช้ทัพพีคนเรื่อยๆ จนน้ำตาลทรายขาวละลาย อย่าให้กะทิเป็นก้อน รอจนกะทิเดือดจึงปิดเตาและยกลงพักไว้
-ตักข้าวเหนียวที่สุกแล้วใส่ลงในอ่างผสม เทกะทิร้อนๆ ใส่ลงไป คนเร็วๆ ให้ทั่วแล้วปิดฝาให้ข้าวเหนียวระอุอีกประมาณ 15 นาที
-นำกะทิ 3/4 ถ้วยที่แบ่งไว้มาผสมกับแป้งข้าวเจ้าและเกลือ นำไปตั้งไฟแล้วคนเรื่อยๆ จนกะทิข้นและเดือด เพื่อใช้เป็นกะทิสำหรับราดหน้า
-ตักข้าวเหนียวใส่จาน ราดด้วยน้ำกะทิที่เตรียมไว้ เสิร์ฟพร้อมมะม่วงสุก",MT002
M036,สาคูต้นต้นข้าวโพดมะพร้าวอ่อน,"ข้าวโพด, เนื้อมะพร้าว, ใบเตย, สาคูต้น, น้ำตาลทรายขาว, กะทิ","ข้าวโพด 250 กรัม
เนื้อมะพร้าว ตามชอบ
ใบเตย 3 ใบ
สาคูต้น 250 กรัม
น้ำตาลทรายขาว 400 กรัม
กระทิ 500 ml",#NAME?,MT002
M037,ขนมกล้วย,"กล้วยน้ำว้า, แป้งมัน, แป้งท้าวยายม่อม, หัวกะทิ, น้ำตาลทรายขาว, เกลือ, มะพร้าวทึนทึก","กล้วยน้ำว้า 10 ผล ( 600-650 กรัม)
แป้งข้าวเจ้า 80 กรัม
แป้งมัน 40 กรัม
แป้งท้าวยายม่อม 1 ช้อนตวง
หัวกะทิ 260 กรัม
น้ำตาลทรายขาวทราย 130 กรัม (ชอบหวานเพิ่มเป็น150 กรัม)
เกลือป่น 1/2 ช้อนชา
มะพร้าวทึนทึกขูดเส้น 1/2 ลูก","-ปลอกกล้วย หั่นเป็นชิ้นเล็กๆ เตรียมไว้
-จากนั้นผสมแป้งข้าวเจ้า แป้งมัน และแป้งเท้ายายม่อม 
-ใส่หัวกะทิลงไปเล็กน้อย ให้พอตั้งแป้งให้เป็นก้อน นวดต่อไปเป็นเวลา 5 นาที
-ใส่กล้วยลงไป ตามด้วยน้ำตาลทรายขาว เกลือป่น ขยำให้เข้ากัน ให้กล้วยมีขนาดเล็กลงแต่ไม่ต้องเละ
-เติมน้ำกะทิที่เหลือลงไปทั้งหมด คนผสมให้เข้ากันอีกครั้ง
-ตั้งหม้อนึ่ง หยอดขนมใส่ถ้วยตะไล โรยมะพร้าวทึนทึกลงไป 
-นำไปนึ่งด้วยไฟกลาง ใช้เวลา 20 นาที เป็นอันเสร็จ",MT002
M038,สังขยาไข่โบราณ,"ไข่เป็ด, ไข่ไก่, น้ำ, หัวกะทิ, น้ำตาลมะพร้าว, ใบเตย","ไข่เป็ด 4 ฟอง
ไข่ไก่ 1 ฟอง
น้ำเปล่า 3 ช้อนโต๊ะ
หัวกะทิ 250 มิลลิลิตร
น้ำตาลมะพร้าว 100 กรัม (แนะนำให้ชิมทุกครั้ง เนื่องจากน้ำตาลทรายขาวแต่ละที่ต่างกัน)
ใบเตย 2-3 ใบ",#NAME?,MT002
M039,ข้าวต้มมัดสูตรโบราณ,"กล้วยน้ำว้า, ข้าวเหนียว, หัวกะทิ, ถั่วดำ, น้ำตาลทรายขาว, เกลือ","กล้วยน้ำว้า 1 หวี
ข้าวเหนียว 500 กรัม
หัวกะทิ 400 กรัม
ถั่วดำ 50 กรัม
น้ำตาลทรายขาวทราย 175 กรัม
เกลือ 9 กรัม (1 2/3 ช้อนชา)","-นำข้าวเหนียวล้างทำความสะอาด แช่น้ำอย่างน้อย 3 ชั่วโมง ส่วนถั่วดำนำแช่น้ำข้ามคืน
-นำถั่วดำมาสะเด็ดน้ำจากนั้นต้มในน้ำเดือดจนถั่วดำสุกนิ่มตามต้องการ นำมาพักไว้
-นำข้าวเหนียวมาสะเด็ดน้ำพักไว้ ตามด้วยหัวกระทิ เกลือ นำไปผัดด้วยไฟกลาง จนกระทิงวดแห้งและเคลือบข้าวเหนียวดี
-จากนั้นใส่น้ำตาลทรายขาวทรายลงไป ผัดจนน้ำตาลทรายขาวทรายละลาย และข้าวเหนียวใสด้านนอกและยังเป็นไตด้านใน พักรอให้คลายร้อน
-เตรียมกล้วย จากนั้นนำไปห่อ (วิธีห่อดูได้ในคลิป)
-ตั้งน้ำให้เดือดจัดได้ที่ นำข้าวต้มมัดลงไปต้ม พยายามจัดให้ข้าวต้มมัดเป็นแนวตั้งไว้
-ใช้เวลาต้มประมาณ 1.30 ชั่วโมง ด้วยไฟแรงตลอด เมื่อครบเวลาแล้วนำขึ้นมาพักให้เย็น เป็นอันเสร็จ",MT002
M040,ลูกตาลลอยแก้ว,"ลูกตาล, น้ำตาลทรายขาว, น้ำ","ลูกตาล 1 โล (1 ถุง)
น้ำตาลทรายขาว 6 ชต
น้ำเปล่า 2.5 ถ้วย",#NAME?,MT002
M041,วุ้นน้ำแดง,"น้ำ, น้ำตาลทรายขาว, น้ำแดง, ผงวุ้น","น้ำเปล่า 1,000 มิลลิลิตร
น้ำตาลทรายขาวทราย 80 กรัม 
น้ำแดง 8 ช้อนโต๊ะ 
ผงวุ้นตรานางเงือก 1 ช้อนโต๊ะ
แม่พิมพ์ หรือถ้วยพิมพ์พลาสติก","-ใส่น้ำเปล่า 1,000 มิลลิลิตร ลงในหม้อ จากนั้นเทผงวุ้นตรานางเงือก 1 ช้อนโต๊ะ ตามลงไป โดยโรยให้ผงวุ้นกระจายตัวไม่จับเป็นก้อน และพักทิ้งไว้ให้วุ้นอิ่มน้ำประมาณ 15-20 นาที เพื่อไม่ให้วุ้นคายน้ำภายหลัง
-เมื่อผงวุ้นเริ่มอิ่มน้ำให้นำขึ้นตั้งไฟด้วยไฟกลาง และคนไปเรื่อยๆ เพื่อให้ผงวุ้นละลายได้ดี และไม่ให้ติดก้นหม้อ แล้วต้มต่อไปเรื่อยๆ จนกว่าจะไม่มีผงวุ้นติดขึ้นมาตามด้ามทัพพี
-เมื่อผงวุ้นละลายดีแล้วจึงใส่น้ำตาลทรายขาวทรายลงไป 80 กรัม พร้อมคนให้น้ำตาลทรายขาวละลายให้ดี
-ใส่น้ำหวานเข้มข้นสีแดง 8 ช้อนโต๊ะ เมื่อใส่ลงไปแล้วสามารถลองชิมได้ว่ามีความหวานในระดับที่พอใจหรือไม่ โดยสามารถปรับลดได้ในขั้นตอนนี้เลย
-ปิดไฟ และพักทิ้งไว้ให้คลายร้อนก่อนนำมาเทใส่แม่พิมพ์ หรือถ้วยวุ้นพลาสติก (หากเป็นแม่พิมพ์ถาดที่ทนความร้อนได้ ไม่จำเป็นต้องพักคลายร้อน) ถ้าหากมีฟองอยู่บนหน้าวุ้นสามารถใช้ช้อนตักออกได้
-พักวุ้นทิ้งไว้ที่อุณหภูมิห้องรอให้เซ็ตตัวประมาณ 30 นาที หลังจากนั้นจึงนำเข้าตู้เย็นประมาณ 3 ชั่วโมง เพื่อให้วุ้นเย็นและเซ็ตตัวดียิ่งขึ้น",MT002
M042,บัวลอยมะพร้าวอ่อน,"แป้งข้าวเหนียว, น้ำมะพร้าวอ่อน, น้ำ, สีธรรมชาติ, กะทิ, น้ำตาลปี๊บ, เกลือ, ใบเตย, เนื้อมะพร้าวอ่อน","แป้งข้าวเหนียว 1 ถ้วย
น้ำมะพร้าวอ่อน หรือน้ำเปล่า ¼ ถ้วย (ค่อย ๆ ใส่)
สีธรรมชาติ
กะทิ 2 ถ้วย
น้ำตาลปี๊บ ½ ถ้วย
เกลือ ½ ช้อนชา
ใบเตย 3 ใบ (มัดรวม)
เนื้อมะพร้าวอ่อน 1 ลูก (ขูดเป็นเส้น)","-ทำแป้งบัวลอย
นวดแป้งข้าวเหนียวกับน้ำมะพร้าวอ่อน (หรือสีธรรมชาติที่ต้องการ) ค่อย ๆ ใส่น้ำจนแป้งเนียน ไม่แห้งหรือเหลวจนเกินไป
ปั้นแป้งเป็นก้อนกลมเล็ก ๆ ขนาดประมาณเม็ดไข่มุก
ต้มน้ำให้เดือด แล้วใส่บัวลอยลงไปต้มจนลอยขึ้น ตักขึ้นแล้วนำไปแช่น้ำเย็น (เพื่อให้เนื้อหนึบขึ้น)
-ทำน้ำกะทิ
ตั้งหม้อ ใส่กะทิ น้ำตาลปี๊บ เกลือ และใบเตยลงไป ต้มไฟอ่อน คนให้น้ำตาลทรายขาวละลายดี อย่าใช้ไฟแรงเพราะกะทิอาจแตกมัน
ใส่เนื้อมะพร้าวอ่อนลงไป คนให้เข้ากัน
-รวมบัวลอยและน้ำกะทิ
ใส่เม็ดบัวลอยที่ต้มไว้ลงไปในน้ำกะทิ คนเบา ๆ
ถ้าชอบไข่หวาน ตอกไข่ลงไปต้มในน้ำกะทิ (คล้ายไข่ลวก)
ปิดไฟ ตักใส่ถ้วย โรยงาขาวคั่ว พร้อมเสิร์ฟ!",MT002
M043,ขนมชั้นใบเตย,"แป้งมัน, แป้งท้าวยายม่อม, แป้งข้าวเจ้า, น้ำตาลทรายขาว, เกลือ, กะทิ, น้ำใบเตย, น้ำ, กลิ่นสังเคราะห์กลิ่นมะลิ","แป้งมัน 240กรัม
แป้งท้าวยายม่อม 100 กรัม
แป้งข้าวเจ้า 60 กรัม
น้ำตาลทรายขาวทราย 400 กรัม
เกลือ 1 ช้อนชา
กะทิ 600 กรัม
น้ำใบเตย 2 ถ้วยตวง
น้ำเปล่า 2 ถ้วยตวง
กลิ่นสังเคราะห์กลิ่นมะลิ 1 ช้อนชา","-นำกะทิ+น้ำตาลทรายขาวทราย+เกลือ ใส่หม้อขึ้นตั้งไฟอ่อนคนจนน้ำตาลทรายขาวละลายไม่ต้องเดือด ปิดไฟ พักไว้
-เตรียมแป้งทั้งหมด ร่อนรวมกันในภาชนะ ทำยอยใส่กะทิที่ต้มแล้วนวดแป้งให้เข้ากันประมาณ15-20นาที(สำคัญเพื่อความเงามัน)พอนวดได้ที่ค่อทะยอยใส่กะทิที่เหลือ
-แบ่งแป้งออกเป็น2ส่วน เท่าๆกัน ส่วนที่ 1 ใส่น้ำใบเตย อีกส่วน ใส่น้ำเปล่า คนให้เข้ากัน
-ตั้งซึ้งเตรียมนึ่ง หยอกชั้นแรกด้วยสีขาว นึ่งไฟ 4 นาที หยอดชั้นที่2 นึ่งไฟ5นาที หยอดชั้นที่3นึ่ง 6 นาที หยอดชั้นที่4นึ่งไฟ 6 นาที หยอดชั้นสุดท้ายนึ่งไฟ 6 นาที *หยอดสลับสี
-รอให้เย็นสนิทแช้วค่อยแกะจากพิมพ์",MT002
M044,กล้วยเชื่อม,"กล้วยน้ำว้า, น้ำ, ใบเตย, น้ำตาลปี๊บ, น้ำตาลทรายแดง, เกลือ, น้ำผึ้ง, มะนาว","กล้วยน้ำว้า 10 ลูก
น้ำ 500 กรัม
ใบเตย 5 ใบ
น้ำตาลปี๊บ 100 กรัม
น้ำตาลทรายแดง 70 กรัม
เกลือ 1/3 ช้อนชา
น้ำผึ้ง 1 ช้อนโต๊ะ
มะนาว 1 ลูก","-เตรียมกล้วย หั่นเป็นชิ้นตามที่ต้องการ แช่น้ำปูน ประมาณ 20 นาทีแล้วล้างด้วยน้ำผสมน้ำมะนาว ผึ่งให้สะเด็ดน้ำ
-ตั้งน้ำใส่ใบเตยลงไป รอให้เดือดหยิบใบเตยออก ใส่น้ำตาลปี๊บ, น้ำตาลทรายขาวทราย, เกลือ และ น้ำผึ้งลงไป คนให้ทุกอย่างละลาย
-ใส่กล้วยที่หั่นไว้ลงไป คนให้ให้กล้วยโดนน้ำทุกชิ้น เปิดไฟแรงจนเดือดอีกครั้ง ลดไฟลงค่อนไปอ่อน
-ระหว่างเคี่ยวหมั่นช้อนฟองออก น้ำจะได้ใส เคี่ยวได้สักพักบีบมะนาวลงไปกล้วยจะได้มีสีแดงสวย เคี่ยวจนน้ำลดเป็นที่พอใจ ปิดไฟพร้อมเสิร์ฟ",MT002
M045,ข้าวเหนียวสังขยา,"ข้าวเหนียวเขี้ยวงู, หัวกะทิ, น้ำตาลทรายขาว, เกลือ, ใบเตย, ไข่เป็ด, น้ำตาลปี๊บ","ข้าวเหนียวเขี้ยวงู 1 ถ้วย
หัวกะทิ 1 ถ้วย
น้ำตาลทรายขาวทราย ½ ถ้วย
เกลือ ½ ช้อนชา
ใบเตย 3 ใบ
ไข่เป็ด 3 ฟอง (หรือไข่ไก่ก็ได้)
น้ำตาลปี๊บ ½ ถ้วย
หัวกะทิ 1 ถ้วย
ใบเตย 4 ใบ (ขยำกับน้ำ)
เกลือ ¼ ช้อนชา
","-ข้าวเหนียวมูน
ซาวข้าวเหนียวให้สะอาด แช่น้ำ 3-4 ชั่วโมง แล้วนึ่งประมาณ 20 นาที
ตั้งหม้อ ใส่หัวกะทิ น้ำตาลทรายขาว เกลือ และใบเตย คนจนน้ำตาลทรายขาวละลาย แล้วปิดไฟ
เทน้ำกะทิลงในข้าวเหนียวร้อน ๆ คลุกให้เข้ากัน ปิดฝา พักไว้ 30 นาที
-สังขยา
ตีไข่กับน้ำตาลปี๊บจนละลาย ใส่หัวกะทิ และน้ำใบเตย คนให้เข้ากัน
กรองด้วยผ้าขาวบาง แล้วเทใส่ถ้วยหรือพิมพ์
นึ่งไฟอ่อน 30-40 นาทีจนสุก
เสิร์ฟสังขยาคู่กับข้าวเหนียวมูน อร่อยหอมมัน! ",MT002
M046,ลอดช่องไทยน้ำกะทิ,"แป้งถั่วเขียว, ใบเตย, น้ำปูนใส, หัวกะทิ, น้ำตาลปี๊บ, เกลือ, น้ำแข็ง","แป้งถั่วเขียว ½ ถ้วย
น้ำใบเตยเข้มข้น 1 ถ้วย
น้ำปูนใส ½ ถ้วย
หัวกะทิ 2 ถ้วย
น้ำตาลปี๊บ ½ ถ้วย
เกลือ ½ ช้อนชา
น้ำแข็งบด
","-ผสมแป้งถั่วเขียวกับน้ำใบเตยและน้ำปูนใส คนให้เข้ากัน
-ตั้งไฟกลาง คนเรื่อย ๆ จนแป้งสุกและเหนียว
-เทลงพิมพ์ลอดช่องหรือใช้กระชอนกดลงในน้ำเย็นจัด
-ต้มหัวกะทิ ใส่น้ำตาลปี๊บและเกลือ คนจนละลาย
-เสิร์ฟลอดช่องกับน้ำกะทิ ใส่น้ำแข็งเย็นชื่นใจ! ",MT002
M047,ฝอยทอง,"ไข่เป็ด, น้ำตาลทรายขาว, น้ำ, ดอกมะลิ","ไข่แดงเป็ด 10 ฟอง
น้ำตาลทรายขาวทราย 2 ถ้วย
น้ำลอยดอกมะลิ 1 ถ้วย","-แยกไข่แดง แล้วตีให้เนียน กรองผ่านผ้าขาวบาง
-ต้มน้ำตาลทรายขาวกับน้ำลอยดอกมะลิจนข้นเป็นน้ำเชื่อม
-หยดไข่ลงในน้ำเชื่อมเป็นเส้น ๆ รอ 30 วินาที แล้วตักขึ้น
-จัดเสิร์ฟเป็นช่อ พร้อมรับประทาน!",MT002
M048,ขนมถ้วย,"แป้งข้าวเจ้า, แป้งมัน, น้ำตาลปี๊บ, หัวกะทิ, ใบเตย, เกลือ","ชั้นล่าง
แป้งข้าวเจ้า ½ ถ้วย
แป้งมัน 2 ช้อนโต๊ะ
น้ำตาลปี๊บ ½ ถ้วย
หัวกะทิ 1 ถ้วย
ใบเตย 3 ใบ
ชั้นบน
หัวกะทิ 1 ถ้วย
แป้งข้าวเจ้า 2 ช้อนโต๊ะ
เกลือ ½ ช้อนชา
","-ผสมส่วนผสมชั้นล่างให้เข้ากัน แล้วกรอง
-เทลงถ้วยเล็ก ๆ แล้วนึ่งไฟกลาง 10 นาที
-ผสมส่วนชั้นบนให้เข้ากัน เททับลงไป นึ่งอีก 10 นาที
-พักให้เย็น แล้วตักกินได้เลย!",MT002
M049,เผือกเชื่อม,"เผือก, น้ำตาลทรายขาว, กะทิ, เกลือ, ใบเตย","เผือกหั่นชิ้น 300 กรัม
น้ำตาลทรายขาวทราย 1 ถ้วย
กะทิ 1 ถ้วย
เกลือ ¼ ช้อนชา
ใบเตย 2 ใบ","-ต้มเผือกในน้ำจนสุก ตักขึ้นพักไว้
-ตั้งหม้อ ใส่น้ำตาลทรายขาว กะทิ เกลือ และใบเตย เคี่ยวให้หอม
-ใส่เผือกลงไป เคี่ยวไฟอ่อนจนซึมซับน้ำเชื่อม
-ตักเสิร์ฟ พร้อมกินได้เลย!",MT002
